{
  "lr_q": 0.001,
  "lr_param": 0.0001,
  "gamma": 0.98,
  "batch_size": 64,
  "buffer_limit": 50000,
  "tau": 0.005,
  "n_stations": 5,
  "p_max": 150,
  "arrival_rate": 0.75,
  "num_of_episodes": 1000,
  "q_hidden_dims": [
    128,
    64
  ],
  "param_hidden_dims": [
    64,
    32
  ],
  "memory_threshold": 500,
  "training_iterations": 1,
  "update_target_interval": 50,
  "epsilon_start": 1.0,
  "epsilon_end": 0.01,
  "epsilon_decay": 0.995,
  "enable_multi_run": true,
  "seeds": [
    3047,
    294,
    714,
    1092,
    1386,
    2856,
    42,
    114514,
    2025,
    1993
  ],
  "num_runs": 10,
  "max_test_steps": 288,
  "print_interval": 5,
  "enable_gantt_plots": false,
  "plot_training_curve": true,
  "save_models": true
}